{"_step":2,"train_loss":-0.12019581794738769,"val_loss":-0.22505318522453308,"_timestamp":1.7709347735926156e+09,"_wandb":{"runtime":395},"_runtime":395}